patient_id,scheduled_date,status
P001,2026-09-11,Missed
P002,2026-09-18,Missed
P003,2026-09-15,Completed
P004,2026-10-25,Scheduled
P005,2026-09-24,Completed
P006,2026-09-27,Missed
P007,2026-10-04,Completed
P008,2026-08-24,Missed
P009,2026-10-02,Completed
P010,2026-10-23,Scheduled
P011,2026-09-26,Completed
P012,2026-09-17,Completed
P013,2026-10-04,Missed
P014,2026-09-21,Completed
P015,2026-09-13,Missed
P016,2026-09-28,Completed
P017,2026-11-03,Scheduled
P018,2026-08-28,Missed
P019,2026-10-27,Scheduled
P020,2026-09-13,Completed
P021,2026-09-07,Completed
P022,2026-09-15,Completed
P023,2026-08-23,Missed
P024,2026-08-31,Missed
P025,2026-09-08,Completed
P026,2026-08-27,Missed
P027,2026-09-28,Completed
P028,2026-09-12,Missed
P029,2026-10-18,Scheduled
P030,2026-09-26,Completed
P031,2026-10-30,Scheduled
P032,2026-11-03,Scheduled
P033,2026-11-04,Scheduled
P034,2026-08-29,Missed
P035,2026-10-30,Scheduled
P036,2026-10-01,Completed
P037,2026-10-31,Scheduled
P038,2026-09-23,Completed
P039,2026-09-01,Missed
P040,2026-09-12,Completed
P041,2026-10-16,Scheduled
P042,2026-10-02,Completed
P043,2026-09-25,Completed
P044,2026-09-01,Missed
P045,2026-08-28,Missed
P046,2026-09-22,Missed
P047,2026-09-09,Completed
P048,2026-09-11,Missed
P049,2026-09-21,Completed
P050,2026-10-12,Scheduled
P051,2026-09-25,Missed
P052,2026-09-07,Missed
P053,2026-09-08,Missed
P054,2026-10-03,Completed
P055,2026-10-03,Completed
P056,2026-10-04,Completed
P057,2026-10-22,Scheduled
P058,2026-09-07,Completed
P059,2026-10-13,Scheduled
P060,2026-09-20,Completed
P061,2026-09-21,Missed
P062,2026-09-21,Completed
P063,2026-10-11,Scheduled
P064,2026-10-20,Scheduled
P065,2026-09-14,Completed
P066,2026-09-19,Completed
P067,2026-09-23,Completed
P068,2026-08-28,Missed
P069,2026-09-18,Completed
P070,2026-09-01,Missed
P071,2026-09-11,Completed
P072,2026-10-21,Scheduled
P073,2026-09-08,Completed
P074,2026-09-18,Missed
P075,2026-10-27,Scheduled
P076,2026-10-24,Scheduled
P077,2026-08-25,Missed
P078,2026-09-22,Completed
P079,2026-10-23,Scheduled
P080,2026-09-03,Missed
P081,2026-09-08,Missed
P082,2026-11-04,Scheduled
P083,2026-09-30,Completed
P084,2026-10-13,Scheduled
P085,2026-09-19,Completed
P086,2026-10-01,Completed
P087,2026-09-20,Completed
P088,2026-09-05,Missed
P089,2026-10-01,Completed
P090,2026-09-13,Completed
P091,2026-09-02,Missed
P092,2026-11-05,Scheduled
P093,2026-09-19,Completed
P094,2026-09-27,Missed
P095,2026-09-13,Completed
P096,2026-09-21,Missed
P097,2026-09-05,Missed
P098,2026-09-04,Missed
P099,2026-10-02,Missed
P100,2026-11-01,Scheduled
P101,2026-09-24,Missed
P102,2026-08-30,Missed
P103,2026-09-11,Missed
P104,2026-09-27,Missed
P105,2026-08-27,Missed
P106,2026-09-08,Missed
P107,2026-09-27,Missed
P108,2026-10-02,Completed
P109,2026-10-20,Scheduled
P110,2026-10-27,Scheduled
P111,2026-09-16,Missed
P112,2026-10-02,Missed
P113,2026-09-01,Missed
P114,2026-10-01,Completed
P115,2026-10-02,Completed
P116,2026-09-11,Missed
P117,2026-09-15,Missed
P118,2026-09-11,Missed
P119,2026-09-26,Completed
P120,2026-10-18,Scheduled
P121,2026-09-03,Missed
P122,2026-10-09,Scheduled
P123,2026-09-10,Completed
P124,2026-10-01,Completed
P125,2026-10-01,Completed
P126,2026-08-28,Missed
P127,2026-09-22,Completed
P128,2026-10-01,Missed
P129,2026-09-15,Missed
P130,2026-09-07,Completed
P131,2026-09-26,Completed
P132,2026-09-29,Completed
P133,2026-09-23,Missed
P134,2026-11-04,Scheduled
P135,2026-09-12,Completed
P136,2026-09-03,Missed
P137,2026-10-04,Missed
P138,2026-10-02,Completed
P139,2026-08-30,Missed
P140,2026-09-12,Missed
P141,2026-09-30,Missed
P142,2026-09-08,Completed
P143,2026-10-04,Completed
P144,2026-09-08,Missed
P145,2026-09-20,Completed
P146,2026-09-17,Completed
P147,2026-09-26,Completed
P148,2026-08-29,Missed
P149,2026-09-21,Completed
P150,2026-09-13,Missed
P151,2026-09-10,Completed
P152,2026-09-23,Completed
P153,2026-09-04,Missed
P154,2026-08-27,Missed
P155,2026-10-01,Completed
P156,2026-09-26,Missed
P157,2026-09-02,Missed
P158,2026-09-15,Completed
P159,2026-09-21,Completed
P160,2026-11-02,Scheduled
P161,2026-09-06,Missed
P162,2026-08-23,Missed
P163,2026-09-06,Missed
P164,2026-10-01,Completed
P165,2026-09-08,Completed
P166,2026-09-12,Completed
P167,2026-10-19,Scheduled
P168,2026-09-29,Missed
P169,2026-08-26,Missed
P170,2026-08-23,Missed
P171,2026-10-28,Scheduled
P172,2026-09-08,Missed
P173,2026-09-10,Missed
P174,2026-09-20,Missed
P175,2026-09-09,Missed
P176,2026-09-13,Missed
P177,2026-09-18,Completed
P178,2026-10-10,Scheduled
P179,2026-08-23,Missed
P180,2026-09-07,Completed
P181,2026-09-06,Missed
P182,2026-09-12,Completed
P183,2026-09-27,Completed
P184,2026-09-15,Completed
P185,2026-09-29,Missed
P186,2026-09-24,Missed
P187,2026-10-31,Scheduled
P188,2026-10-05,Completed
P189,2026-09-17,Completed
P190,2026-08-25,Missed
P191,2026-11-03,Scheduled
P192,2026-09-11,Completed
P193,2026-10-31,Scheduled
P194,2026-10-18,Scheduled
P195,2026-10-26,Scheduled
P196,2026-08-24,Missed
P197,2026-10-12,Scheduled
P198,2026-08-24,Missed
P199,2026-10-26,Scheduled
P200,2026-09-29,Missed
P201,2026-10-15,Scheduled
P202,2026-09-16,Completed
P203,2026-09-18,Completed
P204,2026-09-17,Completed
P205,2026-10-01,Missed
P206,2026-08-29,Missed
P207,2026-09-19,Completed
P208,2026-09-22,Missed
P209,2026-09-11,Completed
P210,2026-10-24,Scheduled
P211,2026-09-02,Missed
P212,2026-10-09,Scheduled
P213,2026-10-12,Scheduled
P214,2026-09-14,Completed
P215,2026-09-06,Completed
P216,2026-08-31,Missed
P217,2026-09-30,Completed
P218,2026-10-09,Scheduled
P219,2026-09-17,Missed
P220,2026-09-21,Missed
P221,2026-09-28,Completed
P222,2026-08-28,Missed
P223,2026-10-23,Scheduled
P224,2026-09-29,Missed
P225,2026-11-03,Scheduled
P226,2026-10-26,Scheduled
P227,2026-10-28,Scheduled
P228,2026-10-19,Scheduled
P229,2026-10-21,Scheduled
P230,2026-10-27,Scheduled
P231,2026-10-04,Completed
P232,2026-09-03,Missed
P233,2026-10-03,Missed
P234,2026-09-13,Missed
P235,2026-09-07,Missed
P236,2026-09-23,Missed
P237,2026-10-22,Scheduled
P238,2026-10-05,Completed
P239,2026-11-05,Scheduled
P240,2026-09-01,Missed
P241,2026-09-14,Missed
P242,2026-09-23,Completed
P243,2026-09-18,Missed
P244,2026-10-03,Completed
P245,2026-09-27,Missed
P246,2026-10-02,Completed
P247,2026-10-26,Scheduled
P248,2026-09-30,Completed
P249,2026-09-16,Missed
P250,2026-09-25,Missed
P251,2026-09-30,Completed
P252,2026-09-18,Missed
P253,2026-11-02,Scheduled
P254,2026-10-11,Scheduled
P255,2026-10-01,Completed
P256,2026-09-15,Missed
P257,2026-09-22,Completed
P258,2026-10-30,Scheduled
P259,2026-09-24,Missed
P260,2026-10-04,Completed
P261,2026-08-26,Missed
P262,2026-09-14,Missed
P263,2026-09-23,Missed
P264,2026-10-03,Missed
P265,2026-10-01,Missed
P266,2026-09-15,Missed
P267,2026-09-10,Missed
P268,2026-09-28,Missed
P269,2026-09-25,Completed
P270,2026-10-01,Completed
P271,2026-10-22,Scheduled
P272,2026-09-14,Missed
P273,2026-09-18,Missed
P274,2026-09-23,Completed
P275,2026-09-27,Missed
P276,2026-10-04,Completed
P277,2026-09-22,Missed
P278,2026-09-28,Completed
P279,2026-08-27,Missed
P280,2026-08-28,Missed
P281,2026-10-16,Scheduled
P282,2026-09-20,Completed
P283,2026-10-25,Scheduled
P284,2026-11-02,Scheduled
P285,2026-09-19,Completed
P286,2026-09-23,Completed
P287,2026-09-27,Missed
P288,2026-10-17,Scheduled
P289,2026-10-01,Missed
P290,2026-09-14,Missed
P291,2026-10-23,Scheduled
P292,2026-08-30,Missed
P293,2026-09-22,Completed
P294,2026-09-30,Missed
P295,2026-10-24,Scheduled
P296,2026-10-03,Missed
P297,2026-09-08,Missed
P298,2026-08-25,Missed
P299,2026-09-20,Missed
P300,2026-10-09,Scheduled
P301,2026-09-27,Completed
P302,2026-10-26,Scheduled
P303,2026-08-28,Missed
P304,2026-08-22,Missed
P305,2026-09-28,Missed
P306,2026-10-16,Scheduled
P307,2026-09-11,Completed
P308,2026-10-26,Scheduled
P309,2026-08-24,Missed
P310,2026-09-26,Missed
P311,2026-09-15,Missed
P312,2026-10-27,Scheduled
P313,2026-09-08,Missed
P314,2026-09-21,Completed
P315,2026-10-11,Scheduled
P316,2026-09-08,Completed
P317,2026-08-25,Missed
P318,2026-10-25,Scheduled
P319,2026-10-15,Scheduled
P320,2026-09-25,Missed
P321,2026-09-24,Completed
P322,2026-10-26,Scheduled
P323,2026-09-30,Completed
P324,2026-11-03,Scheduled
P325,2026-09-28,Completed
P326,2026-08-31,Missed
P327,2026-09-22,Completed
P328,2026-09-06,Completed
P329,2026-08-30,Missed
P330,2026-09-21,Completed
P331,2026-10-10,Scheduled
P332,2026-10-05,Completed
P333,2026-09-09,Completed
P334,2026-10-23,Scheduled
P335,2026-08-26,Missed
P336,2026-10-18,Scheduled
P337,2026-08-24,Missed
P338,2026-09-24,Missed
P339,2026-10-04,Missed
P340,2026-10-01,Missed
P341,2026-10-24,Scheduled
P342,2026-09-27,Completed
P343,2026-10-28,Scheduled
P344,2026-09-18,Missed
P345,2026-08-22,Missed
P346,2026-09-23,Completed
P347,2026-09-24,Completed
P348,2026-09-09,Completed
P349,2026-10-29,Scheduled
P350,2026-10-15,Scheduled
P351,2026-10-27,Scheduled
P352,2026-09-09,Completed
P353,2026-10-25,Scheduled
P354,2026-09-26,Completed
P355,2026-10-02,Missed
P356,2026-10-14,Scheduled
P357,2026-09-12,Completed
P358,2026-10-26,Scheduled
P359,2026-09-17,Completed
P360,2026-10-11,Scheduled
P361,2026-10-18,Scheduled
P362,2026-10-03,Completed
P363,2026-09-09,Missed
P364,2026-09-13,Completed
P365,2026-10-02,Completed
P366,2026-09-26,Missed
P367,2026-08-30,Missed
P368,2026-09-17,Missed
P369,2026-09-07,Missed
P370,2026-09-21,Missed
P371,2026-08-26,Missed
P372,2026-09-02,Missed
P373,2026-09-14,Missed
P374,2026-10-30,Scheduled
P375,2026-10-19,Scheduled
P376,2026-09-15,Completed
P377,2026-10-17,Scheduled
P378,2026-11-02,Scheduled
P379,2026-09-06,Missed
P380,2026-09-17,Missed
P381,2026-10-16,Scheduled
P382,2026-09-14,Completed
P383,2026-09-25,Completed
P384,2026-09-13,Missed
P385,2026-10-15,Scheduled
P386,2026-09-05,Missed
P387,2026-10-28,Scheduled
P388,2026-09-25,Completed
P389,2026-10-03,Missed
P390,2026-09-06,Completed
P391,2026-09-26,Missed
P392,2026-09-15,Completed
P393,2026-10-04,Missed
P394,2026-10-28,Scheduled
P395,2026-09-20,Completed
P396,2026-10-05,Completed
P397,2026-09-07,Completed
P398,2026-10-05,Completed
P399,2026-10-30,Scheduled
P400,2026-09-23,Missed
P401,2026-09-22,Completed
P402,2026-09-18,Completed
P403,2026-10-31,Scheduled
P404,2026-09-03,Missed
P405,2026-09-11,Completed
P406,2026-09-09,Missed
P407,2026-08-31,Missed
P408,2026-09-29,Missed
P409,2026-11-03,Scheduled
P410,2026-08-24,Missed
P411,2026-08-24,Missed
P412,2026-10-11,Scheduled
P413,2026-10-26,Scheduled
P414,2026-10-03,Missed
P415,2026-09-07,Completed
P416,2026-09-09,Completed
P417,2026-08-23,Missed
P418,2026-09-21,Completed
P419,2026-10-30,Scheduled
P420,2026-09-27,Missed
P421,2026-09-24,Completed
P422,2026-09-10,Missed
P423,2026-11-04,Scheduled
P424,2026-08-27,Missed
P425,2026-10-20,Scheduled
P426,2026-09-23,Completed
P427,2026-09-30,Completed
P428,2026-11-04,Scheduled
P429,2026-11-02,Scheduled
P430,2026-10-04,Missed
P431,2026-10-02,Completed
P432,2026-09-05,Missed
P433,2026-09-11,Missed
P434,2026-09-22,Missed
P435,2026-10-23,Scheduled
P436,2026-10-09,Scheduled
P437,2026-09-28,Completed
P438,2026-09-12,Completed
P439,2026-10-03,Missed
P440,2026-11-02,Scheduled
P441,2026-10-17,Scheduled
P442,2026-08-22,Missed
P443,2026-09-12,Missed
P444,2026-10-15,Scheduled
P445,2026-10-03,Completed
P446,2026-09-09,Completed
P447,2026-10-28,Scheduled
P448,2026-09-15,Completed
P449,2026-09-15,Missed
P450,2026-09-10,Completed
P451,2026-10-31,Scheduled
P452,2026-09-20,Missed
P453,2026-09-28,Completed
P454,2026-10-24,Scheduled
P455,2026-09-11,Missed
P456,2026-10-10,Scheduled
P457,2026-09-17,Missed
P458,2026-09-03,Missed
P459,2026-09-07,Completed
P460,2026-09-13,Completed
P461,2026-09-13,Completed
P462,2026-09-16,Completed
P463,2026-09-21,Missed
P464,2026-10-04,Missed
P465,2026-09-29,Completed
P466,2026-09-09,Completed
P467,2026-08-25,Missed
P468,2026-10-21,Scheduled
P469,2026-10-12,Scheduled
P470,2026-09-08,Completed
P471,2026-09-27,Completed
P472,2026-08-29,Missed
P473,2026-09-19,Completed
P474,2026-09-03,Missed
P475,2026-09-24,Missed
P476,2026-09-18,Completed
P477,2026-10-15,Scheduled
P478,2026-09-14,Completed
P479,2026-11-01,Scheduled
P480,2026-10-27,Scheduled
P481,2026-10-30,Scheduled
P482,2026-08-22,Missed
P483,2026-08-27,Missed
P484,2026-10-27,Scheduled
P485,2026-10-14,Scheduled
P486,2026-10-03,Completed
P487,2026-09-17,Completed
P488,2026-09-26,Missed
P489,2026-09-30,Missed
P490,2026-09-26,Missed
P491,2026-10-17,Scheduled
P492,2026-09-06,Completed
P493,2026-10-27,Scheduled
P494,2026-09-20,Missed
P495,2026-10-25,Scheduled
P496,2026-09-12,Completed
P497,2026-09-17,Missed
P498,2026-09-29,Completed
P499,2026-08-22,Missed
P500,2026-10-05,Completed
P501,2026-10-31,Scheduled
P502,2026-08-22,Missed
P503,2026-09-18,Completed
P504,2026-08-26,Missed
P505,2026-09-18,Missed
P506,2026-09-14,Completed
P507,2026-10-26,Scheduled
P508,2026-10-23,Scheduled
P509,2026-10-04,Missed
P510,2026-10-22,Scheduled
P511,2026-09-15,Completed
P512,2026-10-30,Scheduled
P513,2026-09-15,Completed
P514,2026-10-01,Missed
P515,2026-11-05,Scheduled
P516,2026-09-25,Completed
P517,2026-10-22,Scheduled
P518,2026-09-08,Missed
P519,2026-09-27,Completed
P520,2026-09-27,Missed
P521,2026-08-22,Missed
P522,2026-09-01,Missed
P523,2026-10-23,Scheduled
P524,2026-09-20,Completed
P525,2026-10-20,Scheduled
P526,2026-09-19,Completed
P527,2026-09-11,Completed
P528,2026-10-02,Missed
P529,2026-11-01,Scheduled
P530,2026-09-20,Missed
P531,2026-10-10,Scheduled
P532,2026-09-27,Completed
P533,2026-09-08,Missed
P534,2026-10-26,Scheduled
P535,2026-09-21,Completed
P536,2026-09-14,Missed
P537,2026-10-04,Missed
P538,2026-09-09,Missed
P539,2026-09-22,Missed
P540,2026-10-19,Scheduled
P541,2026-10-11,Scheduled
P542,2026-08-29,Missed
P543,2026-09-10,Completed
P544,2026-10-03,Missed
P545,2026-11-01,Scheduled
P546,2026-09-28,Completed
P547,2026-09-07,Missed
P548,2026-10-03,Completed
P549,2026-10-16,Scheduled
P550,2026-10-15,Scheduled
P551,2026-09-30,Completed
P552,2026-09-25,Completed
P553,2026-10-18,Scheduled
P554,2026-10-03,Completed
P555,2026-09-15,Completed
P556,2026-09-15,Completed
P557,2026-10-12,Scheduled
P558,2026-10-03,Missed
P559,2026-09-04,Missed
P560,2026-09-22,Completed
P561,2026-10-03,Missed
P562,2026-10-27,Scheduled
P563,2026-08-25,Missed
P564,2026-09-06,Completed
P565,2026-10-19,Scheduled
P566,2026-09-09,Completed
P567,2026-10-17,Scheduled
P568,2026-10-16,Scheduled
P569,2026-10-02,Completed
P570,2026-09-20,Completed
P571,2026-10-16,Scheduled
P572,2026-10-19,Scheduled
P573,2026-10-01,Missed
P574,2026-11-04,Scheduled
P575,2026-09-13,Missed
P576,2026-09-01,Missed
P577,2026-11-03,Scheduled
P578,2026-09-19,Missed
P579,2026-10-03,Completed
P580,2026-09-11,Completed
P581,2026-09-16,Completed
P582,2026-09-16,Completed
P583,2026-10-23,Scheduled
P584,2026-09-28,Missed
P585,2026-08-25,Missed
P586,2026-09-06,Missed
P587,2026-09-17,Completed
P588,2026-10-02,Completed
P589,2026-09-29,Missed
P590,2026-10-04,Completed
P591,2026-10-02,Missed
P592,2026-09-10,Missed
P593,2026-10-19,Scheduled
P594,2026-09-30,Missed
P595,2026-09-26,Missed
P596,2026-10-04,Completed
P597,2026-09-06,Completed
P598,2026-09-10,Completed
P599,2026-09-06,Missed
P600,2026-10-04,Completed
P601,2026-09-26,Completed
P602,2026-08-26,Missed
P603,2026-09-15,Completed
P604,2026-09-07,Missed
P605,2026-09-30,Missed
P606,2026-10-02,Completed
P607,2026-10-30,Scheduled
P608,2026-10-04,Completed
P609,2026-08-30,Missed
P610,2026-10-04,Completed
P611,2026-09-16,Missed
P612,2026-09-08,Completed
P613,2026-09-23,Completed
P614,2026-09-09,Missed
P615,2026-09-28,Missed
P616,2026-09-16,Completed
P617,2026-09-08,Missed
P618,2026-09-28,Completed
P619,2026-08-27,Missed
P620,2026-09-10,Completed
P621,2026-08-23,Missed
P622,2026-10-28,Scheduled
P623,2026-10-04,Missed
P624,2026-09-21,Completed
P625,2026-09-10,Missed
P626,2026-09-21,Completed
P627,2026-11-03,Scheduled
P628,2026-09-22,Completed
P629,2026-09-07,Completed
P630,2026-08-26,Missed
P631,2026-08-26,Missed
P632,2026-09-28,Missed
P633,2026-09-13,Missed
P634,2026-10-29,Scheduled
P635,2026-09-14,Completed
P636,2026-09-10,Completed
P637,2026-10-09,Scheduled
P638,2026-09-05,Missed
P639,2026-09-01,Missed
P640,2026-10-19,Scheduled
P641,2026-08-28,Missed
P642,2026-09-29,Completed
P643,2026-09-28,Missed
P644,2026-09-28,Missed
P645,2026-10-05,Completed
P646,2026-10-28,Scheduled
P647,2026-09-13,Completed
P648,2026-10-11,Scheduled
P649,2026-09-17,Completed
P650,2026-09-22,Missed
