patient_id,name,phone
P001,Aryan Maharaj,6022768040
P002,Udant Dewan,7265774428
P003,Gagan Sami,7631930086
P004,Ayushman Chander,6759358685
P005,Viraj Tiwari,6022021263
P006,Rushil Saini,8367606524
P007,Saumya Mall,8965687203
P008,Nathaniel Sami,8095724861
P009,Arunima Dugal,7252583295
P010,Gayathri Chaudry,6781165354
P011,Lajita Chatterjee,8980765261
P012,Hemangini Lalla,9107797516
P013,Tripti Yadav,7175750309
P014,Kritika Brar,8225078951
P015,Janaki Handa,9915699767
P016,Chakradev Kari,9964512352
P017,Fariq Kaul,7070003524
P018,Lajita Mall,7785244063
P019,Janya Gaba,9476904382
P020,Isha Kadakia,7511480880
P021,Ekbal Garg,6998142403
P022,Nihal Shere,9274499571
P023,Anamika Kanda,8207030495
P024,Daksh Karnik,6901562182
P025,Diya Rattan,6645592723
P026,Dominic Kakar,8499065055
P027,Simon Tata,7988318769
P028,Tara Dhar,6659182871
P029,Liam Koshy,8672624980
P030,Priya Rastogi,9803191475
P031,Theodore Devi,6089585113
P032,Gavin Batta,6822178461
P033,Michael Dutta,7898807398
P034,Devansh Rajan,7271882843
P035,Upadhriti Wadhwa,7263207356
P036,Advay Contractor,8919192147
P037,Harini Choudhury,8491810458
P038,Radhika Dugar,7306338733
P039,Aarush Lall,9365163715
P040,Yashica Cherian,9502456442
P041,Yashica Issac,9797626609
P042,Kashvi Edwin,7621024804
P043,Ekiya Suresh,7733168887
P044,Isaac Patil,7195028486
P045,Wriddhish Bhardwaj,8986758587
P046,Farhan Chada,9478274247
P047,Ekapad Walia,7235126704
P048,Kabir Soman,9424956873
P049,Alka Wable,6923885778
P050,Siddharth Zacharia,9240364141
P051,Devika Rastogi,6956048123
P052,Raksha Varughese,9373782005
P053,Jai Kota,8209002862
P054,Devansh Nigam,9652671671
P055,Victor Kannan,7910369370
P056,Ekavir Bhargava,7178619734
P057,Ekansh Balay,8060444384
P058,Ekavir Varkey,7479285447
P059,Arya Sunder,8329247563
P060,Kevin Solanki,9812738720
P061,Urvashi Ray,7074766470
P062,Girindra Chatterjee,7426353953
P063,Irya Sampath,9221115712
P064,Unni Bhagat,9257598233
P065,Darsh Rau,7295618485
P066,Ikbal Kothari,9439281045
P067,Ranveer Yadav,6189025456
P068,Logan Sami,9448936679
P069,Arya Shere,7620251464
P070,Faqid Savant,6277469766
P071,Chandresh Zachariah,7456980137
P072,Girik Khalsa,8443425458
P073,Niharika Sunder,8602685078
P074,Tanay Rattan,6715429489
P075,Nitesh Raghavan,9336836298
P076,Madhavi Lanka,6433945965
P077,Bhavika Sampath,9056440212
P078,Mohammed Gupta,9196215509
P079,Teerth Bhardwaj,6418475289
P080,Dipta Bhandari,7411571078
P081,Vansha Thakkar,8958225941
P082,Dakshesh Trivedi,9355431652
P083,Quincy Biswas,9077836894
P084,Wahab Raval,6193180901
P085,Yatin Baral,7072630365
P086,Oni Virk,8684562622
P087,Advika Jayaraman,6406846907
P088,William Lanka,8342461163
P089,Karan Mital,7452646842
P090,Diya Bora,7099296439
P091,Tara Chaudhry,9133260830
P092,Tanay Toor,6978972821
P093,Kevin Palla,8676869634
P094,Yash Pingle,8702711595
P095,Nakul Sarma,8828487319
P096,Abhiram Mistry,7726638503
P097,Krish Lalla,8546658912
P098,Hredhaan Dugal,6693666476
P099,Baghyawati Kade,6193408146
P100,Samar Lalla,9578686926
P101,Zayan Behl,7498065933
P102,Pallavi Malhotra,7998026903
P103,Aarush Nath,7728558277
P104,Adweta Edwin,6299571813
P105,Prisha Andra,7502141043
P106,Faqid Dixit,6426796360
P107,Kala Divan,9841748311
P108,Joshua Barman,8352547168
P109,Janya Baral,7484837332
P110,Shivansh Krish,7640047310
P111,Irya Ray,8648949023
P112,Warjas Gaba,6526218375
P113,Nitara Bakshi,9898660982
P114,Gaurangi Sabharwal,7279311607
P115,Amara Dutta,6053413395
P116,Lavanya Barad,6170044642
P117,Tristan Iyengar,6316553290
P118,Inaya Mody,7321230713
P119,Udant Bajwa,7588080098
P120,Mohini Narasimhan,9574103868
P121,Ekaraj Mallick,8082553333
P122,Yashodhara Ratta,7065173961
P123,Ayaan D’Alia,6116761747
P124,Pranav Lanka,9686939344
P125,Ikbal Saraf,8753040326
P126,Dipta Sarin,6654578486
P127,Lekha Gupta,8659488906
P128,Chaitanya Sarin,6244513243
P129,Zinal Yohannan,6760062769
P130,Januja Sankar,7351396359
P131,Ganga Murthy,8563179990
P132,Charita Tripathi,9503937191
P133,Nilima Narain,8817880371
P134,Chakrika Datta,9116697037
P135,Osha Raghavan,9677229791
P136,Charvi Ravi,9423598812
P137,Daksha Mangat,9851882729
P138,Qushi Nagy,7809889433
P139,Riya Sathe,9930986712
P140,Yasti Solanki,9617400285
P141,Frado Mander,9123047419
P142,Girik Keer,6657203516
P143,Umang Issac,8055953469
P144,Aryan Batra,8730261571
P145,Vaishnavi Bora,8581746680
P146,Oeshi Hayer,9027833384
P147,Warda Ratta,6713783138
P148,Manbir Ahluwalia,9839449587
P149,Pavani Kanda,6491213247
P150,Zarna Shetty,7630839299
P151,Zaid Dara,6645710864
P152,Kiaan Shetty,7073356693
P153,Saanvi Thaman,6553621743
P154,Sanaya Dutt,6224929418
P155,Shivani Lad,9179899675
P156,Aradhana Verma,8887967512
P157,William Maharaj,7243549180
P158,Faras Mangal,9975780964
P159,Anita Nayak,8185571588
P160,Faris Devi,7319295201
P161,Vihaan Rajagopal,8135519167
P162,Tanish Bhatt,8858006567
P163,Nikita Narayanan,9608563284
P164,Ojasvi Bhatia,9004426377
P165,Osha Ramachandran,8913534220
P166,Lajita Sood,8984998971
P167,Indira Misra,7454309592
P168,Oni Yohannan,8025862011
P169,Vinaya Kanda,8773451505
P170,Rajata Sunder,8866103953
P171,Lopa Nayar,7155013446
P172,Noah Sibal,7361972385
P173,Avi Ramesh,8403143886
P174,Fiyaz Sangha,9269520457
P175,Triya Gopal,9160910316
P176,Abha Raghavan,9564877559
P177,Siddharth Sha,9531933776
P178,Geetika Raghavan,8612529222
P179,Oviya Krishnan,9339721639
P180,Upma Bahl,8982273424
P181,Inaya Kapur,7825217209
P182,Banjeet Balasubramanian,7604717059
P183,Ryan Bahri,9684672207
P184,William Date,7579918199
P185,Ishwar Kamdar,9717820269
P186,Aahana Pillay,8295498411
P187,Ishwar Gade,7767032616
P188,Hritik Bal,9850611322
P189,Keya Ranganathan,7423552326
P190,Faqid Kibe,9345873192
P191,Charvi Dara,7211764545
P192,Idika Walia,7765755391
P193,Kamala Biswas,7513512505
P194,Advik Salvi,6454048738
P195,Hitesh Sant,7503099090
P196,Tripti Dua,9116793849
P197,Patrick Vig,9366563155
P198,Veda Shroff,7879474324
P199,Amrita Naidu,7297184780
P200,Gabriel Mallick,7054682045
P201,Yagnesh Shetty,6192955782
P202,Gayathri Balakrishnan,7954255716
P203,Ekta Gopal,9036356421
P204,Simon Pant,9228140445
P205,Harini Mammen,9226980712
P206,Advaith Varughese,6817754839
P207,Frederick Khurana,6217779673
P208,Vrinda Khosla,7573532540
P209,Vritti Sem,9732308705
P210,Girik Menon,9212525937
P211,Nidhi Kohli,9964171749
P212,Jyoti Solanki,6580800160
P213,Pavani Narayanan,7053666440
P214,Sudiksha Madan,9052908689
P215,Zayan Kashyap,6952623709
P216,Reyansh Mutti,9592686870
P217,Qasim Handa,9346708639
P218,Veda Malhotra,6892965296
P219,Harish Hari,8850939577
P220,Utkarsh Patel,9925586537
P221,Chasmum Atwal,6590483793
P222,Anusha Bath,8029439466
P223,Brinda Date,6722023713
P224,Harshil Arora,8103321145
P225,Upasna Srinivas,9105578047
P226,Harini Gour,7513134044
P227,Zayyan Sridhar,9739746410
P228,Dhruv Rattan,9368338891
P229,Ethan Bera,8664133769
P230,Manthan Modi,7327391917
P231,Yuvraj Dani,6947426874
P232,Upkaar Virk,9132143455
P233,Shravya Savant,9573856076
P234,Pushti Mody,8165669371
P235,Hardik Johal,6255554375
P236,Aishani Bumb,7301491913
P237,Wriddhish Ghose,9753074007
P238,Naksh Agate,6866192115
P239,Shravya Singhal,9241640615
P240,Bachittar Kata,9022775753
P241,Barkha Setty,7428565653
P242,Vivaan Lalla,9687260113
P243,Pavani Contractor,7313554459
P244,Manthan Lata,7541340301
P245,Ekbal Bhasin,9954648400
P246,Damyanti Mani,7225147751
P247,Jeet Sidhu,6259577424
P248,Neha Magar,7294384972
P249,Raksha Buch,8864678855
P250,Rachana Naidu,7372289609
P251,Atharv Chand,9998182787
P252,Ansh Luthra,9452446805
P253,Parth Singhal,8684458809
P254,Arunima Golla,8873984325
P255,Vyanjana Chand,7543600741
P256,Ijaya Rege,7409261619
P257,Ekani Cheema,8030660677
P258,Forum Sabharwal,9670412606
P259,Bhavya Rattan,6941037138
P260,Suhani Chakrabarti,7388660561
P261,Zayyan Naik,8761468017
P262,Netra Varkey,9347262672
P263,Turvi Sachdev,6863557208
P264,Raghav Vasa,7414559991
P265,Wishi Sathe,9367970020
P266,Samar Loke,6932774465
P267,Bhavna Sarma,7235285368
P268,Jairaj Balakrishnan,6349229160
P269,Nathan Mukhopadhyay,7177195771
P270,Nikita Chander,7787183452
P271,Ishaan Shenoy,6450811786
P272,Mitesh Tara,6250824319
P273,Yashodhara Mahajan,6597434720
P274,Vasudha Sodhi,8160250488
P275,Tanmayi Dhillon,8350253645
P276,Rayaan Trivedi,9977571905
P277,Ekaraj Majumdar,6906871524
P278,Harini Tripathi,6912028484
P279,Aarnav Mandal,6556350612
P280,Vrishti Dixit,8938342917
P281,Veda Pai,6114459232
P282,Krishna Shah,6083762817
P283,Ranbir Khare,8302819855
P284,Vivaan Roy,6481089183
P285,Eesha Solanki,6528009419
P286,Libni Doshi,8190947434
P287,Balhaar Date,8212806224
P288,Harish Sarraf,9021185687
P289,Tanmayi Aurora,9735495313
P290,Nimrat Dubey,7082843521
P291,Upasna Lanka,7628909287
P292,Mitali Buch,8991237357
P293,Lajita Nadig,8955198434
P294,Balendra Biswas,6060436831
P295,Bhavna Karan,8017115307
P296,Radha Chaudhari,9533974643
P297,Sachi Ganesan,8251361799
P298,Ayush Batra,9875138661
P299,Daksh Memon,9172918076
P300,Kavya Sankar,8422021037
P301,Yash Wali,7843514866
P302,Pranit Garde,7470021381
P303,Farhan Raja,6580564091
P304,Widisha Dhar,9112167722
P305,Triya Kumar,7035400086
P306,Aadhya Andra,9101208334
P307,Bhavna Dugar,8051834242
P308,Riya Pai,8516068472
P309,Panini Krishna,6884584840
P310,Chasmum Issac,6598661719
P311,Vasudha Chhabra,7814949682
P312,Lakshmi Parmer,6055859075
P313,Chakrika Bains,9115591177
P314,Anvi Anand,8826541466
P315,Watika Mangat,9083279808
P316,Indira Kanda,8388692377
P317,Zashil Devan,8246128778
P318,Balveer More,6513518801
P319,Bahadurjit Patla,7824972856
P320,Gautam Merchant,6624494538
P321,Ojasvi Gill,8762315986
P322,Kevin Zacharia,7240770966
P323,Yachana Mahajan,6269772884
P324,Aarini Subramaniam,7468315683
P325,Hamsini Contractor,8210968278
P326,Faqid Dhaliwal,8152088431
P327,Mekhala Pau,6692430751
P328,Megha Atwal,7664933165
P329,Jatin Sha,8012871630
P330,Adweta Raj,8284835410
P331,Hritik Kaur,6411654819
P332,Aryan Narang,8459437746
P333,Dev Shetty,7304275177
P334,Nilima Dada,7664930130
P335,Chakradev Barad,8750072831
P336,Waida D’Alia,8182275389
P337,Wahab Yogi,8947198029
P338,Lipika Setty,7751360825
P339,Oni Dubey,6501801412
P340,Hardik Suri,7260415674
P341,Ati Bali,6562746789
P342,Teerth Sawhney,8720429306
P343,Warinder Patil,6861057122
P344,Jhalak Parmer,8208883641
P345,Mitali Majumdar,6016389273
P346,Jason Sha,8149238767
P347,Simon Bail,6179819454
P348,Gauri Kohli,9768878448
P349,Samesh Biswas,9023767559
P350,Tarak Kaul,8566474661
P351,Manbir Agate,6095441733
P352,Maanav De,8026424848
P353,Owen Choudhary,9397040587
P354,Karan Aurora,8856438883
P355,Wazir Naik,9734060367
P356,Owen Lanka,8701177161
P357,Jonathan Sama,9281370661
P358,Devansh Soni,9455907545
P359,Janaki Varghese,7618166384
P360,Siya Thakur,7299414772
P361,Caleb Verma,8796262369
P362,Tara Balasubramanian,7563134564
P363,Varenya Ratti,8840130027
P364,Hritik Swaminathan,8610725346
P365,Ethan Buch,7752772693
P366,Manbir Bhatti,8907288426
P367,Anvi Nair,8756792161
P368,Chaitaly Setty,7710221804
P369,Hardik Contractor,7095768375
P370,Qushi Seth,6732105450
P371,Odika Nori,7863296457
P372,Mohini Sagar,6132692083
P373,Dhriti Sane,6352983840
P374,Aadhya Prasad,7300975626
P375,Urvi Bhavsar,7841579769
P376,Frederick Chander,7070012089
P377,Gopal Pradhan,9364065667
P378,Darpan Narayan,6709173074
P379,Nirja Pandya,9801277826
P380,Charan Mani,8697739551
P381,Indira Chawla,6535027729
P382,Mohammed Subramaniam,7128117889
P383,Hritik Palla,9606215936
P384,Ishwar Mallick,7169346355
P385,Pushti Bal,8891377623
P386,Ayush Gole,8843351688
P387,Dayamai Nori,7817678868
P388,Abeer Golla,9720285613
P389,Nandini Boase,8150302996
P390,Azaan Chand,7419697432
P391,Krisha Saini,9222657398
P392,Harita Dugar,6937588251
P393,Devika Nair,9368539538
P394,Charles Dugal,9780842521
P395,Chandran Bumb,7371287442
P396,Saanvi Samra,7642151581
P397,Riya Sachdeva,7219550762
P398,Tanveer Vala,6264424157
P399,Hemani Sani,8169503105
P400,Bhanumati Sur,9861958570
P401,Chakradev Kannan,7950964486
P402,Christopher Amble,9287357760
P403,Charvi Kakar,7279055207
P404,Aadhya Mann,6510663316
P405,Jagdish Amble,8255693255
P406,Qushi Gill,7352337786
P407,Lajita Walia,7461243567
P408,Xiti Pandya,7368846023
P409,Mekhala Basak,6794629071
P410,Anirudh Sharaf,9426820552
P411,Dhriti Sanghvi,7636902364
P412,Omisha Mann,7570028939
P413,Nidhi Bail,8294401555
P414,Onveer Sharma,8989885695
P415,Gaurang Sarkar,7794450106
P416,Yagnesh Sarin,7623950820
P417,Farhan Randhawa,8094382969
P418,Harinakshi Kant,9722228837
P419,Om Bose,6966675046
P420,Yashvi Hari,9885217537
P421,Indali Divan,7074553619
P422,Harshil Dhingra,9306313812
P423,Rudra Ghose,8463427382
P424,Faqid Goel,7596878581
P425,Ucchal Sen,7404186534
P426,Diya Dora,8553608464
P427,Ekansh Singh,8235834366
P428,Chavvi Maharaj,7923574064
P429,Indira Tripathi,7869464903
P430,Dayita Shenoy,8322624835
P431,Baljiwan Bhandari,9410769701
P432,Bhavini Bose,6094075916
P433,Yashica Rajagopalan,6683226180
P434,Benjamin Sengupta,8834952496
P435,Ekanta Soni,7547846594
P436,David Seshadri,7843230883
P437,Hemal Chad,9564727757
P438,Balveer Kota,8184276820
P439,Reva Viswanathan,7576626521
P440,Januja Pradhan,6126626100
P441,Lila Rege,6112772143
P442,Charles Natt,8743600712
P443,Forum Chandra,9041888172
P444,Bhanumati Krishnan,9291706239
P445,Gauri Bumb,8177514230
P446,Inaya Mukherjee,7924075329
P447,Kai Chad,9617246397
P448,Krisha Narasimhan,6067712977
P449,Girik Sampath,9703720755
P450,Andrew Patil,9113728950
P451,Pranit Kala,7485475786
P452,Vedika Handa,8727653545
P453,Laksh Dubey,8361508182
P454,Chakrika Chaudhuri,9106346502
P455,Gayathri Deep,6096984637
P456,Mitesh Gaba,9870657802
P457,Noah Sarma,6123165955
P458,Nirja Patla,6756741755
P459,Sachi Mane,7559959846
P460,Vivaan Walla,8652792943
P461,Dayamai Singh,6955933280
P462,Jhalak Sastry,8955504128
P463,Baghyawati Raja,7280397771
P464,Neel Iyengar,6537500738
P465,Zashil Ben,9917789660
P466,Kamya Chauhan,6353616997
P467,Bhavani Chacko,6223105030
P468,Anjali Sengupta,9711546167
P469,Rajeshri Chand,7224651431
P470,Shravya Palla,8503969410
P471,Oeshi Bera,7137810998
P472,Yadavi Prakash,8061402525
P473,Libni Bumb,8569663952
P474,Udarsh Bala,6276060328
P475,Hardik Nayak,8808623903
P476,Laksh Barad,6154902533
P477,Urmi Dewan,7063399202
P478,Saumya Ahluwalia,9880521860
P479,Anirudh Kunda,9568645436
P480,Mason Wable,9521588375
P481,Indrajit Mani,7497651057
P482,Charvi Dara,7387784449
P483,William Saini,8111096665
P484,Dev Choudhry,7636456738
P485,Amol Varma,9412499926
P486,Maanas Manne,7709984342
P487,Aarav Pandit,9768739556
P488,Omaja Grover,6548095375
P489,Jalsa Bir,6148721296
P490,Madhavi Singhal,7460515853
P491,Lila Prakash,8415724269
P492,Amol Parikh,7711435375
P493,Hemani Khosla,7337956181
P494,Gaurangi Deol,6437461126
P495,Indira Nigam,8044864264
P496,Ucchal Srinivas,9062565801
P497,Krishna Bhatnagar,8086829041
P498,Balhaar Memon,8665714590
P499,Caleb Iyengar,8388780418
P500,Diya Mukherjee,8556617694
P501,Urvashi Kulkarni,8482569647
P502,Rayaan Mangal,9416790061
P503,Champak Narula,7794356022
P504,Jeet Pillai,6353063760
P505,Mugdha Sarraf,7189440114
P506,Harinakshi Grover,8489055650
P507,Widisha Pillai,8783920968
P508,Fitan Samra,9117387208
P509,Qushi Gole,8492317794
P510,Ekani Chauhan,6791348337
P511,Falak Merchant,6896174750
P512,Sanaya Sandhu,6650405635
P513,Sachi Panchal,8622257621
P514,Brijesh Pandit,6065233172
P515,Anvi Bhandari,7138500903
P516,Nidra Patla,6415586638
P517,Azaan Dhar,6974189446
P518,Bakhshi Date,9491823193
P519,Warinder Peri,8404341761
P520,Leela Bali,6471503452
P521,Shivani Prabhakar,7593385747
P522,Sachi Bose,7167781530
P523,Jeevika Rao,9190187346
P524,Arya Krish,6215787642
P525,Atharv Grewal,9163593949
P526,Zarna Ram,8956588099
P527,Adweta Lad,6783882733
P528,Tanish Mangal,9442115834
P529,Ryan Das,8961007449
P530,Ethan Seth,6188869644
P531,Sai Chahal,9324047729
P532,Idika Bhattacharyya,8004359075
P533,Charita Dugar,8408047906
P534,Janaki Trivedi,8695049533
P535,Jairaj Iyer,8209775041
P536,Warjas Tak,6627041072
P537,Jalsa Pillay,8227697631
P538,Kai Chadha,7478301914
P539,Dayamai Rao,9724627367
P540,Nirja Rout,6044499263
P541,Jeremiah Nadig,8180946960
P542,Shivani Shukla,8949832063
P543,Kabir Gopal,7751361568
P544,Rachita Thakkar,6456372060
P545,Jeet Vasa,7967181685
P546,Daksha Gala,7862496924
P547,Ekantika Kar,8272039281
P548,Zilmil Mander,6496141726
P549,Zashil Hegde,9710524816
P550,Jeremiah Mitter,6627955944
P551,Yadavi Ganguly,6509845936
P552,Onveer Nazareth,9096383872
P553,Ayush Bumb,7103168630
P554,Alka Kade,9711754053
P555,Azaan Tank,9903374265
P556,Chasmum Subramanian,7720740962
P557,Nidra Mishra,7069806808
P558,Elijah Bhasin,6472848963
P559,Ria Sagar,7392010271
P560,Ucchal Jani,8549008670
P561,Maanas Munshi,9009752674
P562,Hemani Rastogi,7265496014
P563,Kamala Varma,6673021503
P564,Eiravati Khurana,7462011894
P565,Jason Loke,7606243870
P566,Yug Dhaliwal,6917418753
P567,Chandresh Mannan,7782122418
P568,Omya Kothari,6448194317
P569,Falak Munshi,8921601841
P570,Nathaniel Tara,8221799552
P571,Wishi Morar,9849582772
P572,Arin Chana,8429998409
P573,Yashasvi Shankar,6438604076
P574,Tanveer Pandit,9912604378
P575,Chandresh Manda,6941718670
P576,Upma Mangal,6365276652
P577,Hritik Sankar,6639593034
P578,Aishani Pau,6315072921
P579,Jasmit Bath,9778777385
P580,Charan Hayer,9203451765
P581,Bhavya Borah,8436698180
P582,Yamini Seshadri,9829126485
P583,Jagat Dave,6295134620
P584,Meera Prakash,7853567465
P585,Jasmit Dhawan,9458372328
P586,Yashodhara Ratti,7341972986
P587,Chakradev Barad,7119543276
P588,Gauri Som,8149510979
P589,Manthan Varma,8195562897
P590,Falak Nagar,7779314061
P591,Maya Mistry,6484006529
P592,Yashica Upadhyay,8108699346
P593,Chandani Soman,6931833239
P594,Jyoti Narula,6287441787
P595,Omaja Morar,9150248909
P596,Urvi Lanka,9049457711
P597,Charan Srinivasan,9248354727
P598,Lajita Divan,7298468446
P599,Azad Choudhary,7074953442
P600,Anirudh Sastry,9983702514
P601,Omya Doshi,7303690260
P602,Samar Roy,7710758863
P603,David Devi,8058053439
P604,Ekta Sridhar,6258756987
P605,Dipta Ghose,6491103614
P606,Hema Pandya,8137116632
P607,Veda Handa,6471044106
P608,Arya Misra,6490300165
P609,Chameli Mani,7130899315
P610,Vrinda Nadig,7508757917
P611,Ikshita Mahal,6902573549
P612,Jairaj Raghavan,7894547345
P613,Hemani Dhingra,9775031263
P614,Brijesh Mani,9249488893
P615,Hiral Sathe,6941460145
P616,Varenya Kala,6781312842
P617,Anika Magar,9727527644
P618,Ikbal Khatri,9951414290
P619,Chandresh Wali,6840163367
P620,Viraj Ben,9726423859
P621,Odika Narayanan,6981484016
P622,Harish Devan,8814337545
P623,Nakul Ray,9485349639
P624,Vansha Iyengar,8051385763
P625,Ekani Mangal,9333626590
P626,Gaurav Kata,8115064540
P627,Parth Sahni,9593358163
P628,Balhaar Ranganathan,8129269082
P629,Quincy Mann,8094270803
P630,Aditya Misra,6554308526
P631,Gautami Mane,8246471078
P632,Wakeeta Desai,9297495674
P633,Anjali Hans,6531163438
P634,Ganga Gaba,6682216221
P635,Aarini Grewal,6284546011
P636,Geetika Merchant,8725607708
P637,Parth Ravi,8689436097
P638,Yutika Narang,7255165754
P639,Nandini Chandran,6218353724
P640,Logan Sood,7122480561
P641,Yuvraj Ahuja,9422714336
P642,Leela Keer,6869672539
P643,Amara Narayan,8965240999
P644,Advay Lal,8082289687
P645,Warinder Bhatia,9720747934
P646,Udyati Mohanty,6865368740
P647,Nidra Thakkar,6614602351
P648,Jacob Merchant,7598786734
P649,Timothy Kanda,7268714189
P650,Vanya Dua,7005620428
